"","SVM","Random Forest","Boosting","Tree","Neural Network","Logistic Regression"
"1","0","0","1","0","0","0"
"2","0","0","0","0","0","1"
"3","1","1","1","1","1","1"
"4","0","0","0","0","0","0"
"5","1","1","1","1","0","0"
"6","0","0","0","1","0","1"
"7","1","1","1","1","1","1"
"8","0","0","1","1","1","1"
"9","1","1","0","1","1","1"
"10","0","0","0","0","1","1"
"11","0","0","0","0","1","1"
"12","0","1","1","1","0","0"
"13","0","0","0","0","1","1"
"14","0","0","1","0","1","1"
"15","0","0","0","0","1","0"
"16","1","1","1","1","0","1"
"17","1","1","1","1","0","0"
"18","0","0","0","0","0","1"
"19","1","1","1","1","0","1"
"20","1","0","0","0","0","1"
"21","1","1","0","0","0","0"
"22","0","0","0","0","1","0"
"23","1","1","1","1","0","0"
"24","0","0","0","0","1","1"
"25","0","0","1","0","0","1"
"26","0","0","1","1","0","1"
"27","1","1","1","1","0","0"
"28","0","0","0","0","1","1"
"29","1","1","1","1","1","1"
"30","1","1","0","1","1","1"
"31","1","1","1","1","0","1"
"32","0","0","0","0","0","1"
"33","0","0","0","0","1","1"
"34","1","1","1","1","0","1"
"35","1","1","1","1","0","0"
"36","0","0","0","0","1","1"
"37","0","0","0","0","1","1"
"38","0","0","0","0","1","1"
"39","0","0","0","0","0","0"
"40","0","0","1","1","0","0"
"41","0","0","0","0","1","1"
"42","1","1","1","1","0","0"
"43","1","1","0","1","0","1"
"44","1","1","1","0","0","0"
"45","0","0","1","1","0","1"
"46","1","0","0","0","1","1"
"47","0","0","0","0","1","0"
"48","0","0","0","0","1","1"
"49","0","0","0","0","1","0"
"50","0","0","0","0","1","0"
"51","1","1","1","1","1","1"
"52","0","0","0","0","1","0"
"53","0","0","0","0","0","1"
"54","0","0","0","0","1","1"
"55","1","1","0","1","1","0"
"56","0","0","1","0","1","0"
"57","0","0","0","0","1","1"
"58","1","1","1","1","0","1"
"59","0","0","0","0","1","0"
"60","1","1","1","1","0","1"
"61","1","1","1","1","1","1"
"62","0","0","0","0","1","1"
"63","1","1","1","1","0","1"
"64","1","0","0","0","1","1"
"65","0","1","0","1","1","0"
"66","1","1","1","1","0","0"
"67","0","0","0","0","0","1"
"68","0","0","0","0","0","0"
"69","1","1","1","1","0","1"
"70","1","1","1","1","1","1"
"71","1","1","1","1","0","1"
"72","0","0","0","0","1","1"
"73","1","1","1","1","1","0"
"74","0","0","0","0","0","0"
"75","0","0","0","0","1","1"
"76","0","0","0","0","0","1"
"77","1","1","1","1","0","0"
"78","0","0","0","0","0","0"
"79","1","1","0","1","1","0"
"80","1","1","1","1","0","0"
"81","0","0","0","0","0","0"
"82","1","1","1","1","0","0"
"83","1","1","1","1","1","0"
"84","1","1","0","1","1","0"
"85","0","0","1","0","0","1"
"86","0","0","0","0","1","1"
"87","0","0","1","0","1","1"
"88","0","0","0","0","1","1"
"89","0","0","0","0","1","0"
"90","1","1","1","1","0","0"
"91","0","0","0","0","1","1"
"92","1","1","1","1","1","0"
"93","1","1","1","1","0","1"
"94","1","1","0","0","0","1"
"95","0","0","0","0","0","0"
"96","1","1","0","1","1","1"
"97","1","1","1","1","1","1"
"98","1","1","1","1","0","1"
"99","0","0","0","1","0","0"
"100","1","1","1","1","0","1"
"101","0","0","0","0","1","1"
"102","1","1","1","1","0","0"
"103","0","0","0","0","1","1"
"104","1","1","1","1","1","0"
"105","1","1","1","1","0","0"
"106","0","0","1","1","1","1"
"107","1","1","1","1","1","0"
"108","1","1","1","1","1","0"
"109","1","1","1","1","1","1"
"110","1","1","1","1","0","1"
"111","0","0","0","1","0","0"
"112","1","1","1","1","1","1"
"113","1","1","1","1","1","1"
"114","1","1","1","1","0","0"
"115","1","1","1","1","0","0"
"116","1","1","1","1","0","1"
"117","0","0","0","0","1","0"
"118","0","0","0","0","1","1"
"119","0","0","0","0","1","1"
"120","0","0","0","0","0","0"
"121","0","0","0","1","1","1"
"122","0","0","0","1","0","0"
"123","1","1","0","0","1","1"
"124","0","0","1","0","0","0"
"125","0","0","0","0","1","0"
"126","0","0","1","0","0","0"
"127","1","1","1","1","1","1"
"128","1","1","1","1","0","1"
"129","0","0","0","0","0","0"
"130","0","0","0","0","1","1"
"131","1","1","1","1","0","0"
"132","0","0","0","0","0","1"
"133","1","1","1","1","0","1"
"134","0","0","0","0","1","0"
"135","1","1","1","1","0","1"
"136","1","1","1","1","0","0"
"137","1","0","0","0","0","0"
"138","0","0","0","0","1","0"
"139","1","1","1","1","1","1"
"140","1","1","1","1","0","0"
"141","1","1","1","1","1","0"
"142","0","0","0","1","1","1"
"143","1","1","0","1","1","1"
"144","0","0","0","0","0","0"
"145","1","1","1","1","1","0"
"146","1","1","0","1","0","0"
"147","0","0","0","0","1","0"
"148","0","0","0","0","0","0"
"149","0","0","0","0","1","0"
"150","0","0","1","0","0","0"
"151","0","0","0","0","1","0"
"152","1","1","1","1","1","1"
"153","1","1","1","1","1","0"
"154","0","0","0","1","1","1"
"155","0","1","1","1","0","0"
"156","0","0","0","0","1","0"
"157","0","0","0","0","0","0"
"158","0","0","0","0","1","0"
"159","0","0","0","0","1","0"
"160","0","0","0","0","0","1"
"161","0","0","0","0","1","0"
"162","1","1","1","1","0","0"
"163","0","0","0","0","1","0"
"164","1","1","1","1","1","0"
"165","1","1","1","1","1","0"
"166","0","0","0","0","1","0"
"167","1","1","1","1","1","0"
"168","1","1","1","1","1","1"
"169","0","0","0","0","0","0"
"170","0","0","1","0","0","0"
"171","0","0","1","0","0","0"
"172","1","1","1","1","1","1"
"173","0","0","0","0","0","1"
"174","0","0","0","0","1","1"
"175","0","0","0","0","1","1"
"176","0","0","0","1","1","0"
"177","0","0","0","0","1","1"
"178","0","0","0","0","0","1"
"179","1","1","1","1","0","0"
"180","0","0","0","0","1","0"
"181","0","0","0","0","1","0"
"182","0","0","0","0","1","0"
"183","1","1","1","1","1","1"
"184","1","1","1","1","0","0"
"185","0","0","0","0","1","1"
"186","0","0","0","0","0","1"
"187","1","1","1","1","0","1"
"188","1","1","1","1","1","1"
"189","1","1","1","1","0","0"
"190","0","0","0","0","0","0"
"191","1","1","1","1","0","1"
"192","1","0","1","1","0","0"
"193","1","1","1","0","0","0"
"194","0","0","0","0","0","1"
"195","0","0","0","0","1","0"
"196","1","1","1","1","0","1"
"197","0","1","0","0","1","1"
"198","1","1","1","1","0","1"
"199","0","0","0","0","0","0"
"200","0","0","0","0","0","1"
"201","0","0","0","0","0","0"
"202","0","0","0","0","1","0"
"203","0","0","0","0","1","0"
"204","0","0","0","0","1","0"
"205","1","0","0","1","1","1"
"206","1","1","1","1","1","1"
"207","0","0","0","0","0","0"
"208","1","1","0","1","0","1"
"209","0","0","0","1","1","0"
"210","0","1","1","1","0","0"
"211","0","0","0","0","0","0"
"212","1","1","1","1","1","0"
"213","0","0","1","0","0","0"
"214","0","0","0","0","0","0"
"215","1","1","1","1","1","1"
"216","0","0","0","0","1","1"
"217","1","1","1","1","0","0"
"218","0","0","0","0","1","1"
"219","1","1","1","1","1","1"
"220","1","1","1","1","0","0"
"221","1","1","1","1","1","1"
"222","0","0","0","0","1","1"
"223","1","1","1","1","0","0"
"224","1","1","1","1","0","1"
"225","1","1","1","1","0","0"
"226","1","1","1","1","0","1"
"227","0","0","0","0","1","1"
"228","0","0","0","0","1","0"
"229","0","0","1","1","1","1"
"230","0","0","0","0","1","1"
"231","1","1","1","1","0","1"
"232","1","1","0","0","0","0"
"233","1","1","1","1","1","0"
"234","1","1","1","1","0","1"
"235","0","0","0","0","1","1"
"236","1","1","0","1","0","0"
"237","1","1","1","1","0","1"
"238","1","1","1","1","0","0"
"239","0","0","0","0","1","0"
"240","1","1","0","0","0","0"
"241","1","1","1","1","0","0"
"242","0","0","0","0","0","1"
"243","1","1","1","1","1","0"
"244","0","0","0","0","0","1"
"245","0","0","0","0","1","1"
"246","0","0","0","0","1","1"
"247","1","1","1","1","1","1"
"248","1","1","1","1","1","1"
"249","0","0","0","0","0","0"
"250","0","0","0","0","1","0"
"251","1","1","1","1","1","1"
"252","0","0","0","0","0","0"
"253","0","0","0","0","1","1"
"254","1","1","0","0","0","0"
"255","0","0","1","1","0","1"
"256","1","1","1","1","1","0"
"257","0","0","0","0","1","1"
"258","1","1","1","1","1","1"
"259","0","0","0","0","1","0"
"260","1","1","1","1","0","1"
"261","1","1","1","1","0","0"
"262","1","1","1","1","0","1"
"263","0","0","0","0","0","1"
"264","1","1","0","1","0","1"
"265","0","0","0","0","1","0"
"266","1","1","1","0","0","0"
"267","0","0","0","0","1","1"
"268","0","0","0","0","0","0"
"269","0","0","0","0","1","1"
"270","0","0","0","0","1","1"
"271","0","0","0","0","0","1"
"272","1","1","0","1","0","0"
"273","0","0","0","0","0","0"
"274","0","0","1","0","0","0"
"275","1","0","0","1","0","1"
"276","0","0","1","0","1","1"
"277","0","0","0","0","0","1"
"278","1","0","0","0","1","1"
"279","0","0","0","0","1","1"
"280","0","0","0","0","1","1"
"281","0","0","0","0","0","0"
"282","1","1","1","1","0","0"
"283","0","0","0","0","1","0"
"284","1","1","1","1","1","1"
"285","0","0","0","0","1","1"
"286","1","1","1","1","1","1"
"287","1","1","1","1","0","1"
"288","1","1","1","1","0","0"
"289","0","0","0","0","0","1"
"290","0","0","0","0","1","0"
"291","1","1","0","0","0","0"
"292","0","0","0","0","1","1"
"293","0","0","0","0","1","0"
"294","0","0","0","0","1","0"
"295","0","0","0","0","1","0"
"296","0","0","0","0","1","1"
"297","0","0","0","1","1","1"
"298","1","1","0","0","1","0"
"299","0","0","0","0","1","0"
"300","0","0","0","0","0","0"
"301","0","0","0","0","1","0"
"302","1","1","1","1","0","1"
"303","1","1","1","1","0","0"
"304","1","1","1","1","0","1"
"305","0","0","0","0","1","1"
"306","1","1","1","0","1","0"
"307","1","1","1","1","1","1"
"308","0","0","0","0","1","0"
"309","1","1","0","0","1","1"
"310","0","0","0","0","1","0"
"311","0","0","0","0","0","0"
"312","0","0","0","0","0","1"
"313","1","1","0","1","1","1"
"314","1","1","0","0","1","1"
"315","1","1","1","1","0","0"
"316","0","0","0","0","0","0"
"317","0","0","0","0","1","0"
"318","1","1","1","1","0","0"
"319","0","0","1","0","1","0"
"320","1","0","1","1","1","1"
"321","1","1","0","1","1","0"
"322","1","1","1","1","0","1"
"323","0","0","0","0","0","0"
"324","1","1","1","1","1","0"
"325","1","1","1","1","0","1"
"326","0","0","0","0","0","0"
"327","0","0","0","0","0","0"
"328","0","0","0","0","0","1"
"329","0","0","0","0","1","0"
"330","1","1","0","0","1","1"
"331","1","1","1","1","1","1"
"332","0","0","1","1","1","1"
"333","0","0","0","0","1","1"
"334","1","1","0","1","0","0"
"335","1","1","1","1","0","0"
"336","0","0","0","0","0","1"
"337","0","0","0","0","1","1"
"338","1","1","1","1","1","0"
"339","0","0","0","0","1","0"
"340","0","0","0","0","1","1"
"341","0","0","0","0","1","1"
"342","1","1","0","0","1","1"
"343","0","0","0","0","1","1"
"344","0","0","0","0","1","1"
"345","0","0","0","1","1","1"
"346","1","1","1","1","1","0"
"347","1","1","0","1","0","1"
"348","0","0","0","0","1","1"
"349","1","1","1","1","0","1"
"350","1","1","1","1","0","1"
"351","0","0","0","0","1","1"
"352","1","1","1","1","0","0"
"353","0","0","1","0","0","0"
"354","0","0","0","0","1","0"
"355","0","0","0","0","0","1"
"356","1","1","1","1","1","0"
"357","0","0","1","1","0","0"
"358","1","1","1","1","0","0"
"359","1","1","1","1","1","1"
"360","0","0","0","0","0","1"
"361","1","1","1","1","1","1"
"362","1","1","0","0","1","0"
"363","1","1","1","1","1","0"
"364","0","0","0","0","0","1"
"365","0","0","0","0","0","1"
"366","1","1","1","1","0","0"
"367","1","1","1","0","0","1"
"368","1","1","1","1","0","0"
"369","0","0","0","0","1","1"
"370","0","0","0","1","0","0"
"371","0","0","0","0","1","1"
"372","0","0","0","0","1","0"
"373","0","0","0","1","1","1"
"374","1","1","1","1","1","1"
"375","1","1","1","1","1","1"
"376","0","0","0","0","1","1"
"377","0","0","0","0","1","1"
"378","1","1","1","0","0","0"
"379","0","0","0","1","1","1"
"380","0","0","0","0","1","0"
"381","1","1","1","1","1","1"
"382","1","1","1","1","0","0"
"383","1","1","1","1","0","0"
"384","1","1","1","0","1","1"
"385","1","1","1","1","0","0"
"386","1","1","1","1","0","1"
"387","0","0","0","0","1","1"
"388","1","1","1","0","1","0"
"389","1","1","1","1","1","0"
"390","0","0","0","0","1","0"
"391","0","0","0","0","0","1"
"392","0","0","0","0","0","1"
"393","0","0","0","0","1","1"
"394","0","1","1","0","1","0"
"395","0","0","1","1","0","1"
"396","0","0","0","0","0","0"
"397","1","1","1","1","0","1"
"398","1","1","1","1","0","0"
"399","0","0","1","1","1","0"
"400","0","0","0","0","0","1"
"401","1","1","1","1","1","1"
"402","1","1","1","1","1","1"
"403","1","1","1","1","1","1"
"404","1","1","0","1","0","0"
"405","1","1","0","1","0","1"
"406","0","0","0","0","1","1"
"407","0","0","0","0","1","0"
"408","1","1","1","1","0","0"
"409","0","0","1","0","0","0"
"410","1","1","1","1","0","1"
"411","1","1","1","1","0","1"
"412","0","0","0","0","1","0"
"413","0","0","0","0","1","0"
"414","0","0","0","0","0","0"
"415","1","1","1","1","0","0"
"416","1","1","1","1","0","0"
"417","1","1","1","1","1","0"
"418","1","1","1","1","0","0"
"419","1","1","0","1","1","0"
"420","0","0","0","0","1","0"
"421","0","0","0","0","0","1"
"422","0","0","1","1","1","1"
"423","0","0","0","0","1","1"
"424","1","1","1","1","0","1"
"425","1","1","0","1","0","0"
"426","1","1","1","1","1","1"
"427","0","0","0","0","0","1"
"428","1","1","1","1","0","0"
"429","1","1","1","1","1","1"
"430","1","1","1","1","1","0"
"431","1","1","1","1","0","0"
"432","0","0","0","0","1","1"
"433","1","1","1","1","0","0"
"434","0","0","0","0","0","1"
"435","0","0","0","0","1","0"
"436","1","1","1","0","0","1"
"437","1","1","0","1","0","1"
"438","0","0","0","0","1","1"
"439","1","1","1","1","1","1"
"440","0","0","0","0","1","0"
"441","0","0","0","1","0","1"
"442","0","0","0","0","0","0"
"443","1","1","0","1","0","1"
"444","1","1","1","1","0","1"
"445","0","0","1","0","1","1"
"446","1","1","1","1","0","1"
"447","0","0","0","0","0","1"
"448","0","0","0","0","0","1"
"449","1","1","0","1","0","0"
"450","1","1","0","0","1","0"
"451","1","1","1","1","0","0"
"452","0","0","0","0","1","0"
"453","0","0","0","0","1","1"
"454","0","0","0","0","1","1"
"455","1","1","1","1","0","1"
"456","0","0","0","0","0","0"
"457","0","0","0","1","1","1"
"458","0","0","0","0","1","0"
"459","0","0","0","0","1","0"
"460","1","0","0","0","0","0"
"461","1","1","0","1","1","1"
"462","0","0","0","0","0","0"
"463","0","0","0","0","1","1"
"464","0","0","0","0","1","0"
"465","0","0","0","1","0","0"
"466","0","0","0","0","1","0"
"467","1","1","0","1","1","1"
"468","1","1","0","1","1","0"
"469","1","0","0","0","0","1"
"470","1","1","1","1","0","1"
"471","1","1","1","1","1","1"
"472","0","0","0","0","1","1"
"473","0","0","0","0","0","0"
"474","0","0","0","0","1","1"
"475","0","0","0","0","1","1"
"476","0","0","1","0","1","1"
"477","1","1","1","1","1","1"
"478","1","0","0","0","0","0"
"479","1","1","1","1","0","1"
"480","0","0","0","0","0","1"
"481","1","0","0","0","0","0"
"482","0","0","1","1","0","0"
"483","1","1","1","1","1","0"
"484","0","0","0","1","0","1"
"485","0","0","1","0","1","0"
"486","0","0","0","0","1","0"
"487","1","1","0","0","0","0"
"488","1","1","1","1","1","1"
"489","0","0","1","1","1","0"
"490","0","0","0","0","0","0"
"491","1","1","0","1","0","0"
"492","0","0","0","0","0","1"
"493","0","0","0","0","0","0"
"494","0","0","0","0","1","0"
"495","1","1","1","1","0","1"
"496","0","0","0","0","1","1"
"497","1","1","1","0","1","1"
"498","0","0","0","0","0","0"
"499","0","0","0","0","0","0"
"500","0","0","0","0","1","1"
"501","1","1","1","1","0","1"
"502","0","0","0","0","1","1"
"503","1","1","1","1","0","1"
"504","0","0","0","0","1","1"
"505","0","0","0","0","0","1"
"506","0","0","0","0","1","1"
"507","1","1","1","1","0","0"
"508","1","1","0","1","0","1"
"509","0","1","0","0","0","0"
"510","0","0","0","0","0","1"
"511","0","0","0","0","1","0"
"512","0","0","0","0","1","1"
"513","1","1","1","1","0","1"
"514","0","0","1","0","0","1"
"515","1","1","1","1","0","1"
"516","1","1","1","1","0","1"
"517","0","0","1","1","0","0"
"518","0","0","0","0","1","0"
"519","0","0","0","0","1","1"
"520","1","1","0","1","0","0"
"521","1","1","1","1","0","1"
"522","1","1","1","1","1","1"
"523","1","1","1","1","0","1"
"524","0","0","0","0","1","0"
"525","1","1","1","1","0","1"
"526","1","1","0","0","1","1"
"527","1","1","1","1","0","0"
"528","1","1","0","1","1","1"
"529","0","0","1","0","0","0"
"530","1","1","1","1","0","0"
"531","0","0","0","0","0","0"
"532","0","0","0","0","1","1"
"533","0","0","0","0","0","1"
"534","1","1","1","1","0","1"
"535","1","1","1","1","1","1"
"536","0","0","0","0","0","0"
"537","0","0","0","1","1","0"
"538","0","0","0","0","0","0"
"539","0","0","0","0","1","1"
"540","1","1","0","0","0","0"
"541","0","0","0","0","1","1"
"542","1","1","1","1","0","0"
"543","0","0","0","0","0","0"
"544","1","1","1","1","0","0"
"545","1","1","0","1","1","1"
"546","1","1","0","1","0","0"
"547","1","1","1","1","0","0"
"548","1","1","0","1","0","1"
"549","1","1","1","1","1","1"
"550","0","0","1","0","0","1"
"551","0","0","0","0","0","1"
"552","0","0","0","1","1","0"
"553","1","1","1","1","1","1"
"554","1","1","0","1","0","1"
"555","1","1","0","1","0","1"
"556","0","0","1","1","1","1"
"557","0","0","0","0","0","1"
"558","1","1","1","1","0","1"
"559","0","0","0","0","1","0"
"560","0","0","1","0","0","0"
"561","0","0","0","0","0","0"
"562","0","0","0","0","0","0"
"563","0","0","0","0","1","0"
"564","1","1","0","1","0","0"
"565","0","0","0","1","1","1"
"566","1","1","0","1","1","0"
"567","0","0","0","0","1","0"
"568","0","0","0","0","1","1"
"569","0","1","0","1","1","0"
"570","1","1","1","1","1","1"
"571","0","0","0","0","1","0"
"572","1","1","0","1","0","0"
"573","1","1","1","1","0","1"
"574","1","1","1","1","0","0"
"575","0","0","0","0","0","1"
"576","0","0","0","0","1","0"
"577","0","0","0","0","1","1"
"578","0","0","0","0","0","1"
"579","0","0","0","0","1","1"
"580","1","1","0","1","0","1"
"581","0","0","0","0","0","1"
"582","1","1","1","1","0","0"
"583","0","0","0","0","1","1"
"584","0","0","0","0","0","0"
"585","1","1","1","1","0","0"
"586","0","0","0","0","0","1"
"587","0","0","1","1","0","1"
"588","1","1","1","1","0","1"
"589","0","0","0","0","1","0"
"590","0","0","0","0","0","1"
"591","1","1","1","1","1","1"
"592","0","0","0","0","0","1"
"593","1","1","1","1","0","1"
"594","0","0","0","0","0","0"
"595","1","1","1","1","0","1"
"596","1","1","1","1","1","0"
"597","1","1","1","1","1","1"
"598","0","0","0","0","0","0"
"599","1","1","0","1","0","0"
"600","1","1","1","1","1","0"
"601","1","1","1","1","0","0"
"602","0","0","0","0","1","0"
"603","0","0","0","0","0","1"
"604","1","1","1","1","0","1"
"605","0","0","0","0","0","0"
"606","0","0","0","0","1","0"
"607","0","0","0","0","0","1"
"608","0","0","0","0","1","0"
"609","1","1","1","1","0","1"
"610","0","0","0","0","0","1"
"611","1","1","0","1","0","1"
"612","0","0","0","0","1","1"
"613","1","1","1","1","0","0"
"614","0","0","0","0","1","0"
"615","0","0","0","1","1","1"
"616","1","1","1","1","1","1"
"617","0","0","0","0","1","0"
"618","0","0","0","1","1","1"
"619","1","1","1","1","1","1"
"620","1","1","1","1","1","1"
"621","0","0","0","0","1","1"
"622","0","0","0","0","1","1"
"623","0","0","0","0","0","0"
"624","1","1","1","1","1","0"
"625","1","1","1","1","0","0"
"626","0","0","1","0","0","1"
"627","0","0","0","0","0","1"
"628","0","1","0","0","1","0"
"629","0","0","0","0","1","0"
"630","1","1","1","1","1","0"
"631","1","1","1","0","0","1"
"632","0","0","0","0","1","1"
"633","1","1","1","1","0","0"
"634","0","0","1","1","1","0"
"635","0","0","0","0","1","0"
"636","0","0","0","0","1","1"
"637","1","1","1","1","1","1"
"638","1","1","1","1","0","0"
"639","1","1","1","1","1","1"
"640","1","1","1","1","0","1"
"641","1","1","1","1","1","0"
"642","0","0","0","0","1","1"
"643","0","0","0","0","1","1"
"644","1","1","1","1","0","1"
"645","0","1","1","1","0","1"
"646","0","0","0","0","1","1"
"647","0","0","0","0","1","0"
"648","1","1","0","1","0","1"
"649","1","1","1","1","1","0"
"650","0","0","0","0","0","0"
"651","1","1","1","1","0","0"
"652","1","1","1","1","1","1"
"653","1","1","0","1","1","1"
"654","0","0","0","0","0","0"
"655","0","0","0","0","1","0"
"656","0","0","0","0","1","0"
"657","0","0","0","0","0","0"
"658","0","0","1","0","0","0"
"659","0","0","0","0","1","1"
"660","0","0","0","0","1","1"
"661","0","0","0","0","1","0"
"662","0","0","1","1","1","1"
"663","0","0","0","0","0","0"
"664","0","0","1","1","1","0"
"665","0","0","0","0","1","0"
"666","1","1","0","1","0","1"
"667","1","1","1","1","1","0"
"668","0","0","0","0","1","1"
"669","1","1","1","1","1","0"
"670","0","0","0","0","0","1"
"671","1","1","0","1","0","1"
"672","1","1","1","1","1","1"
"673","0","0","0","0","0","0"
"674","1","1","1","0","0","0"
"675","0","0","0","0","0","0"
"676","0","0","0","0","0","0"
"677","0","0","0","0","0","0"
"678","1","1","0","1","0","1"
"679","0","0","0","0","1","1"
"680","1","1","1","0","0","1"
"681","0","0","1","1","1","1"
"682","0","0","0","0","1","0"
"683","1","1","0","0","1","1"
"684","0","0","0","0","0","1"
"685","0","0","0","0","0","0"
"686","0","0","0","0","1","0"
"687","1","1","0","1","0","1"
"688","0","0","1","0","0","1"
"689","0","0","0","0","0","0"
"690","1","1","0","1","1","0"
"691","1","1","1","1","0","0"
"692","0","0","0","0","1","0"
"693","0","0","0","0","0","0"
"694","0","0","1","1","1","1"
"695","1","1","1","1","0","0"
"696","1","1","1","1","1","0"
"697","1","1","1","1","0","1"
"698","0","0","0","0","0","0"
"699","0","0","0","0","0","1"
"700","0","0","0","0","1","1"
"701","1","1","1","1","0","0"
"702","1","1","1","1","0","0"
"703","0","0","0","0","1","0"
"704","1","1","1","1","0","0"
"705","1","1","0","1","0","0"
"706","1","1","1","1","0","0"
"707","0","0","1","1","1","1"
"708","1","1","0","0","1","0"
"709","1","1","1","1","0","1"
"710","1","1","1","1","0","0"
"711","0","0","0","0","1","0"
"712","0","0","0","0","0","0"
"713","1","1","1","1","0","1"
"714","0","0","0","0","1","0"
"715","1","1","1","1","0","0"
"716","0","0","0","0","0","0"
"717","0","0","0","0","1","1"
"718","0","0","0","0","1","1"
"719","1","1","0","1","0","0"
"720","0","0","0","0","0","1"
"721","0","0","1","0","0","0"
"722","1","1","0","1","0","1"
"723","1","1","1","1","0","0"
"724","0","0","0","0","1","0"
"725","1","1","0","1","0","0"
"726","0","0","0","0","1","1"
"727","0","0","1","0","0","0"
"728","0","0","0","0","0","0"
"729","1","1","0","1","0","0"
"730","0","0","0","0","0","0"
"731","0","0","0","0","1","0"
"732","0","0","0","0","0","0"
"733","1","1","1","1","0","1"
"734","0","0","0","0","0","0"
"735","1","1","1","1","1","0"
"736","1","0","1","1","0","1"
"737","1","1","1","1","0","1"
"738","0","0","0","0","0","0"
"739","1","1","1","1","1","0"
"740","1","1","1","1","0","1"
"741","1","1","1","1","0","0"
"742","1","1","1","1","0","0"
"743","0","1","1","1","1","1"
"744","1","1","1","1","0","0"
"745","0","1","1","1","0","1"
"746","0","0","0","0","1","0"
"747","1","1","1","1","0","0"
"748","1","1","1","1","1","1"
"749","0","0","0","0","1","1"
"750","0","0","0","0","0","1"
"751","1","0","0","0","1","0"
"752","1","1","1","1","0","0"
"753","1","1","1","1","0","1"
"754","1","1","1","1","0","1"
"755","1","1","1","1","0","0"
"756","1","1","1","1","0","0"
"757","1","1","1","1","0","0"
"758","1","1","1","1","1","0"
"759","1","1","1","1","0","1"
"760","1","1","1","1","0","1"
"761","0","0","1","1","0","0"
"762","0","0","0","0","0","0"
"763","0","0","0","1","1","1"
"764","0","0","0","0","1","0"
"765","1","0","1","1","1","0"
"766","0","1","1","1","1","1"
"767","1","1","1","1","1","0"
"768","0","0","0","0","1","1"
"769","0","1","1","1","0","1"
"770","0","0","0","0","0","1"
"771","0","0","0","0","1","0"
"772","1","1","1","1","0","1"
"773","0","0","0","0","1","0"
"774","1","1","1","1","0","1"
"775","1","1","1","1","1","1"
"776","1","1","1","1","1","0"
"777","0","0","0","0","0","1"
"778","1","1","0","1","1","0"
"779","1","1","1","1","0","0"
"780","1","1","1","1","0","1"
"781","1","1","0","0","0","1"
"782","0","0","0","0","1","1"
"783","1","1","1","1","0","1"
"784","0","0","0","0","1","0"
"785","1","1","1","1","1","0"
"786","0","0","0","0","1","1"
"787","0","1","1","0","0","1"
"788","0","0","0","0","0","1"
"789","1","1","0","1","0","1"
"790","1","1","0","1","1","1"
"791","1","1","1","1","0","1"
"792","0","0","0","0","1","1"
"793","0","0","0","0","1","1"
"794","1","1","1","1","1","0"
"795","0","0","1","1","1","0"
"796","1","1","1","1","0","0"
"797","1","1","1","1","1","0"
"798","1","1","1","1","0","0"
"799","1","1","1","1","0","1"
"800","1","1","1","1","0","0"
"801","0","0","1","1","0","0"
"802","0","0","0","0","1","1"
"803","0","0","0","0","0","1"
"804","0","0","0","0","1","0"
"805","0","0","0","0","1","1"
"806","0","0","0","0","1","1"
"807","1","1","1","1","0","0"
"808","1","1","0","1","0","0"
"809","1","1","1","1","0","1"
"810","1","1","1","1","1","0"
"811","0","0","0","0","1","1"
"812","1","1","0","1","0","0"
"813","1","1","1","1","0","0"
"814","0","0","0","0","1","0"
"815","1","1","1","1","0","0"
"816","1","1","1","1","1","1"
"817","0","0","0","0","1","1"
"818","0","0","0","0","0","0"
"819","1","1","1","1","0","0"
"820","0","0","0","0","0","0"
"821","1","1","1","1","0","1"
"822","0","0","0","0","1","1"
"823","0","0","0","0","1","0"
"824","0","0","1","0","1","1"
"825","0","0","0","1","1","1"
"826","0","0","0","0","1","0"
"827","0","0","0","0","1","0"
"828","1","1","0","0","0","1"
"829","1","1","0","1","0","0"
"830","1","1","0","1","0","1"
"831","1","1","1","1","0","0"
"832","0","0","0","0","0","0"
"833","0","0","0","0","0","1"
"834","0","0","0","0","1","1"
"835","0","0","0","0","0","0"
"836","0","0","0","0","1","0"
"837","0","0","0","0","0","1"
"838","0","0","0","0","0","0"
"839","1","1","1","1","0","0"
"840","1","1","1","1","0","0"
"841","0","0","0","0","1","0"
"842","1","1","1","1","1","1"
"843","0","0","0","0","0","0"
"844","1","1","1","1","1","1"
"845","0","0","0","1","1","1"
"846","1","1","0","1","0","1"
"847","1","1","0","1","0","1"
"848","0","0","0","0","0","1"
"849","1","1","1","1","1","0"
"850","1","0","0","0","1","0"
"851","0","0","0","0","0","0"
"852","1","1","1","1","1","0"
"853","1","1","1","1","0","0"
"854","1","1","1","1","1","1"
"855","1","1","1","1","1","1"
"856","0","0","0","0","0","1"
"857","1","1","1","1","0","1"
"858","0","0","1","1","1","1"
"859","1","1","1","1","1","1"
"860","0","0","0","0","0","0"
"861","0","0","0","0","1","0"
"862","1","1","0","1","1","0"
"863","1","1","1","1","1","0"
"864","1","1","1","1","1","0"
"865","1","1","0","0","0","0"
"866","0","0","0","0","0","0"
"867","0","0","0","0","0","1"
"868","1","1","0","1","1","0"
"869","0","0","0","0","0","0"
"870","1","1","1","1","0","1"
"871","1","1","1","1","1","1"
"872","1","1","1","1","1","0"
"873","0","0","0","1","0","0"
"874","1","1","1","1","1","1"
"875","0","1","1","1","0","1"
"876","1","1","1","1","1","1"
"877","0","0","0","0","1","1"
"878","0","0","0","0","1","1"
"879","1","1","0","1","0","0"
"880","1","0","0","0","1","1"
"881","0","0","0","0","1","0"
"882","1","1","1","1","0","1"
"883","1","1","1","1","1","1"
"884","1","1","0","1","1","0"
"885","0","0","1","1","1","1"
"886","0","0","1","1","0","0"
"887","0","0","0","0","0","1"
"888","1","1","0","1","0","1"
"889","1","1","0","1","0","0"
"890","0","0","0","0","1","0"
"891","0","0","0","0","1","0"
"892","1","1","0","1","1","1"
"893","0","1","0","1","1","1"
"894","0","0","0","1","0","1"
"895","1","1","1","1","0","1"
"896","0","1","0","0","1","1"
"897","1","1","1","1","0","1"
"898","0","0","0","0","1","0"
"899","0","0","0","0","1","0"
"900","1","1","0","1","0","1"
"901","1","1","1","1","1","0"
"902","1","1","0","1","0","0"
"903","0","0","0","0","0","1"
"904","1","1","1","1","0","1"
"905","0","0","0","1","1","0"
"906","1","1","1","1","0","0"
"907","1","1","0","1","0","0"
"908","0","0","1","1","0","1"
"909","0","0","0","0","0","1"
"910","0","0","0","0","0","0"
"911","0","0","1","1","0","0"
"912","0","0","1","1","0","1"
"913","1","1","1","0","0","0"
"914","1","1","1","1","0","0"
"915","1","1","1","1","0","1"
"916","0","0","0","0","1","0"
"917","1","1","1","1","0","0"
"918","0","0","1","0","1","0"
"919","1","1","1","1","1","0"
"920","1","1","0","0","0","1"
"921","0","0","0","0","1","1"
"922","1","1","0","1","1","1"
"923","1","1","1","1","1","0"
"924","0","0","0","1","0","0"
"925","1","1","1","1","0","1"
"926","0","0","0","0","1","1"
"927","1","1","1","1","1","0"
"928","1","1","1","1","0","0"
"929","0","0","0","0","1","1"
"930","0","0","1","1","0","1"
"931","1","1","0","1","0","0"
"932","0","0","0","0","1","0"
"933","0","0","0","0","0","1"
"934","1","1","0","0","0","1"
"935","1","1","1","1","0","0"
"936","0","0","0","0","1","0"
"937","0","0","0","0","0","0"
"938","1","1","1","1","1","0"
"939","1","1","0","1","1","0"
"940","0","0","0","0","0","0"
"941","0","0","0","0","1","1"
"942","1","1","1","1","0","0"
"943","0","0","1","1","0","1"
"944","1","1","0","1","1","1"
"945","0","1","0","0","1","0"
"946","0","0","0","0","0","1"
"947","0","0","0","0","0","0"
"948","0","0","0","0","1","1"
"949","1","1","1","1","0","1"
"950","0","0","0","0","1","1"
"951","0","0","1","1","1","0"
"952","0","1","1","1","1","1"
"953","1","1","1","1","1","1"
"954","0","0","0","0","1","0"
"955","0","0","0","0","0","1"
"956","1","1","0","1","0","1"
"957","0","0","1","0","0","0"
"958","1","1","1","1","1","1"
"959","0","0","0","0","1","0"
"960","1","1","1","1","0","0"
"961","0","0","0","0","1","1"
"962","0","0","0","0","1","0"
"963","0","0","1","0","0","0"
"964","1","1","1","1","1","0"
"965","1","1","1","1","1","0"
"966","1","1","0","0","1","1"
"967","1","1","1","1","1","1"
"968","1","1","1","1","1","1"
"969","0","1","1","1","0","1"
"970","1","1","1","1","1","0"
"971","0","0","0","0","0","1"
"972","1","1","1","1","0","1"
"973","0","0","1","1","0","0"
"974","0","0","0","0","1","0"
"975","1","1","1","1","0","0"
"976","0","0","0","0","1","1"
"977","0","0","1","1","0","0"
"978","1","1","1","1","0","0"
"979","0","0","1","0","1","1"
"980","0","0","0","0","0","0"
"981","1","1","1","1","0","0"
"982","0","0","0","0","1","0"
"983","0","0","0","0","0","0"
"984","1","0","0","0","1","0"
"985","1","1","1","1","1","1"
"986","1","1","1","1","0","1"
"987","0","0","1","1","0","0"
"988","0","0","0","0","0","1"
"989","1","1","1","1","0","1"
"990","1","1","1","1","1","1"
"991","0","0","0","0","1","0"
"992","0","0","0","0","1","1"
"993","1","1","1","1","0","0"
"994","1","1","1","1","0","1"
"995","0","0","0","0","1","0"
"996","0","0","0","0","1","0"
"997","1","1","1","1","1","1"
"998","0","0","0","0","1","0"
"999","0","0","0","0","1","1"
"1000","0","0","0","0","1","1"
"1001","1","1","1","1","1","0"
"1002","1","1","1","1","0","0"
"1003","0","0","0","0","1","1"
"1004","0","0","0","0","1","0"
"1005","1","1","1","1","0","1"
"1006","1","1","1","1","0","1"
"1007","1","1","0","0","1","1"
"1008","0","0","0","0","1","1"
"1009","1","1","1","1","1","1"
"1010","0","0","0","0","1","1"
"1011","0","0","0","0","1","0"
"1012","1","1","0","0","1","1"
"1013","0","0","0","0","1","1"
"1014","1","1","1","1","0","1"
"1015","0","0","1","0","0","0"
"1016","1","1","1","1","1","0"
"1017","1","1","1","1","0","0"
"1018","1","1","1","1","0","1"
"1019","0","0","0","0","1","0"
"1020","0","1","1","1","0","1"
"1021","1","1","1","1","1","1"
"1022","1","1","1","1","0","0"
"1023","0","0","0","0","0","1"
"1024","0","0","0","0","1","0"
"1025","1","1","1","1","1","0"
"1026","1","1","1","1","0","1"
"1027","0","0","0","0","1","1"
"1028","0","0","0","0","0","1"
"1029","1","1","1","1","0","0"
"1030","0","0","0","0","0","1"
"1031","0","0","0","0","1","1"
"1032","1","1","0","1","1","0"
"1033","0","0","0","0","1","1"
"1034","1","1","1","1","0","0"
"1035","1","1","1","1","0","1"
"1036","0","0","0","0","1","1"
"1037","0","0","0","0","1","0"
"1038","0","0","0","1","0","1"
"1039","0","0","0","0","1","1"
"1040","1","1","0","1","0","1"
"1041","1","1","1","1","1","1"
"1042","0","0","0","0","1","1"
"1043","0","0","0","0","1","1"
"1044","0","0","0","1","1","0"
"1045","0","0","0","0","1","1"
"1046","0","0","0","0","1","0"
"1047","0","0","0","0","1","1"
"1048","0","0","0","0","1","0"
"1049","0","0","1","0","0","1"
"1050","1","1","1","1","0","0"
"1051","1","1","1","1","0","1"
"1052","1","1","1","1","1","0"
"1053","1","1","0","0","0","0"
"1054","1","1","1","1","1","1"
"1055","1","1","0","1","0","0"
"1056","1","1","1","1","0","0"
"1057","1","1","1","1","1","1"
"1058","0","0","0","0","1","0"
"1059","1","1","1","1","1","0"
"1060","0","0","0","0","1","0"
"1061","1","1","1","1","0","1"
"1062","0","0","0","0","0","0"
"1063","0","0","0","0","0","0"
"1064","0","0","0","0","0","0"
"1065","0","0","0","0","1","0"
"1066","0","0","0","0","1","1"
"1067","1","1","1","1","1","1"
"1068","0","0","0","0","1","0"
"1069","1","1","1","1","1","0"
"1070","1","1","1","1","0","1"
"1071","0","0","0","0","1","1"
"1072","0","0","0","0","0","0"
"1073","0","0","0","1","1","1"
"1074","0","0","0","0","1","1"
"1075","0","0","0","0","0","0"
"1076","1","1","1","1","0","1"
"1077","0","0","0","0","1","1"
"1078","0","0","0","0","1","1"
"1079","0","0","0","0","1","0"
"1080","1","1","1","1","0","0"
"1081","0","1","0","1","0","1"
"1082","0","0","0","0","0","0"
"1083","1","1","1","1","0","0"
"1084","0","0","0","0","0","1"
"1085","1","1","0","0","0","0"
"1086","0","0","0","0","1","1"
"1087","0","0","1","1","0","1"
"1088","1","1","1","1","0","1"
"1089","0","0","0","0","1","1"
"1090","1","1","0","1","0","0"
"1091","0","0","0","0","1","1"
"1092","0","0","0","0","1","0"
"1093","1","1","1","1","0","0"
"1094","1","1","0","1","0","1"
"1095","0","1","0","1","1","1"
"1096","0","0","0","0","1","0"
"1097","1","1","1","1","0","0"
"1098","1","1","1","1","0","1"
"1099","1","1","0","1","0","1"
"1100","1","1","0","0","1","1"
"1101","0","0","0","0","1","0"
"1102","0","0","1","1","0","1"
"1103","0","0","0","0","1","0"
"1104","1","1","1","1","1","0"
"1105","1","1","1","1","1","1"
"1106","0","0","1","0","0","1"
"1107","1","1","0","1","0","1"
"1108","1","1","0","0","1","1"
"1109","1","1","0","0","1","0"
"1110","0","0","0","0","0","0"
"1111","0","0","0","0","1","0"
"1112","0","0","0","1","0","0"
"1113","1","1","0","1","0","1"
"1114","0","0","0","0","0","0"
"1115","0","0","0","0","1","1"
"1116","1","1","1","1","0","0"
"1117","0","0","0","0","0","1"
"1118","1","1","1","1","0","1"
"1119","0","0","0","0","0","0"
"1120","1","1","1","1","0","1"
"1121","1","1","0","1","0","1"
"1122","1","1","0","1","0","0"
"1123","0","0","0","0","0","0"
"1124","0","0","0","0","1","1"
"1125","1","1","1","1","0","0"
"1126","0","0","0","0","1","1"
"1127","0","0","1","1","0","1"
"1128","0","0","0","0","1","1"
"1129","1","1","1","1","0","0"
"1130","1","1","1","1","1","0"
"1131","1","1","0","1","1","1"
"1132","0","0","0","0","0","1"
"1133","1","1","1","1","0","0"
"1134","0","0","0","1","1","1"
"1135","1","1","1","1","1","1"
"1136","0","0","0","0","1","1"
"1137","0","0","1","0","0","0"
"1138","1","1","1","1","0","0"
"1139","0","0","0","0","1","0"
"1140","0","0","0","0","0","1"
"1141","0","0","0","0","1","1"
"1142","1","1","1","1","1","1"
"1143","1","1","1","1","1","1"
"1144","1","1","0","1","0","1"
"1145","1","1","1","1","1","0"
"1146","0","0","0","0","0","0"
"1147","0","0","0","1","0","0"
"1148","0","0","0","0","0","1"
"1149","1","1","1","1","0","1"
"1150","1","1","1","1","0","1"
"1151","0","0","0","0","0","0"
"1152","1","1","1","1","0","1"
"1153","1","1","0","1","0","0"
"1154","0","0","0","0","0","0"
"1155","1","1","1","1","1","1"
"1156","1","1","1","1","0","1"
"1157","0","0","0","0","1","0"
"1158","1","1","1","1","0","0"
"1159","1","1","0","1","1","0"
"1160","0","1","1","1","1","0"
"1161","1","1","1","1","1","1"
"1162","0","0","1","1","1","0"
"1163","0","0","0","0","0","0"
"1164","1","1","1","1","0","0"
"1165","0","0","0","0","0","0"
"1166","1","0","0","0","1","0"
"1167","1","1","0","0","0","0"
"1168","0","0","1","1","1","1"
"1169","1","1","1","1","1","1"
"1170","1","1","1","1","0","1"
"1171","0","0","1","1","1","1"
"1172","0","0","0","0","0","0"
"1173","0","0","0","0","0","0"
"1174","1","1","1","1","1","1"
"1175","1","1","1","1","1","1"
"1176","1","1","1","1","1","0"
"1177","1","1","1","1","0","1"
"1178","1","1","1","1","0","0"
"1179","0","0","0","0","0","0"
"1180","0","0","1","1","1","0"
"1181","1","1","1","1","0","1"
"1182","0","0","0","0","0","0"
"1183","1","1","1","1","1","0"
"1184","0","0","0","0","0","0"
"1185","0","1","0","0","1","0"
"1186","1","1","1","1","0","1"
"1187","1","1","1","1","0","1"
"1188","0","0","0","0","1","1"
"1189","0","0","0","0","1","0"
"1190","0","0","0","0","0","0"
"1191","1","1","1","1","0","1"
"1192","1","1","1","1","1","1"
"1193","1","1","1","1","0","1"
"1194","1","1","0","1","0","0"
"1195","0","0","0","0","0","1"
"1196","0","0","1","1","0","1"
"1197","0","0","1","0","0","1"
"1198","1","1","1","1","0","1"
"1199","0","0","0","0","0","1"
"1200","1","1","0","0","1","0"
"1201","0","0","0","0","1","0"
"1202","0","0","0","0","0","1"
"1203","1","1","1","1","0","1"
"1204","1","1","1","1","1","1"
"1205","0","0","0","0","0","0"
"1206","1","1","1","1","0","0"
"1207","0","0","0","0","1","1"
"1208","0","0","0","0","1","1"
"1209","0","0","0","0","0","0"
"1210","1","1","1","1","1","0"
"1211","1","1","1","1","0","1"
"1212","1","1","0","1","0","1"
"1213","1","1","1","0","1","1"
"1214","1","0","0","0","1","1"
"1215","1","1","1","1","0","1"
"1216","1","1","1","1","1","1"
"1217","1","1","1","1","1","0"
"1218","0","0","0","0","0","1"
"1219","1","1","0","0","1","0"
"1220","1","1","1","1","1","1"
"1221","1","1","0","1","0","1"
"1222","0","0","0","0","0","1"
"1223","0","0","0","0","0","0"
"1224","1","1","1","1","1","1"
"1225","1","1","1","1","0","0"
"1226","1","1","1","1","0","1"
"1227","0","0","0","1","0","1"
"1228","0","0","0","0","1","0"
"1229","1","1","1","0","1","1"
"1230","0","0","0","0","1","1"
"1231","0","0","1","0","1","1"
"1232","0","1","1","1","0","0"
"1233","0","0","0","0","1","1"
"1234","1","1","1","1","1","0"
"1235","1","1","1","1","0","0"
"1236","0","0","1","0","0","0"
"1237","0","0","0","0","0","0"
"1238","0","0","0","0","1","1"
"1239","0","0","0","0","1","0"
"1240","1","1","1","1","0","1"
"1241","0","0","0","0","1","0"
"1242","1","1","1","1","0","0"
"1243","0","0","0","0","0","1"
"1244","1","1","1","1","0","0"
"1245","0","0","0","0","1","0"
"1246","0","0","0","0","1","1"
"1247","1","1","1","1","1","1"
"1248","0","0","0","0","1","0"
"1249","1","1","1","1","0","0"
"1250","1","1","0","1","1","0"
"1251","0","0","0","0","1","0"
"1252","0","0","0","0","1","1"
"1253","1","1","1","1","0","0"
"1254","0","0","0","0","0","1"
"1255","1","1","1","1","0","0"
"1256","1","1","1","1","0","1"
"1257","1","1","1","1","1","1"
"1258","1","1","0","1","1","1"
"1259","0","0","0","0","1","0"
"1260","1","1","1","1","1","1"
"1261","1","1","1","1","0","1"
"1262","0","0","0","0","0","1"
"1263","1","1","1","1","0","0"
"1264","1","1","1","1","0","0"
"1265","1","1","0","1","1","0"
"1266","1","1","1","1","1","1"
"1267","0","0","1","0","1","1"
"1268","0","1","1","1","0","0"
"1269","0","0","1","0","0","0"
"1270","1","1","0","1","1","1"
"1271","0","0","0","0","1","1"
"1272","0","0","0","0","1","1"
"1273","1","1","1","1","1","1"
"1274","0","0","0","0","1","1"
"1275","1","1","1","1","1","1"
"1276","1","1","1","1","0","0"
"1277","1","1","1","1","0","0"
"1278","1","1","1","1","1","0"
"1279","1","1","1","1","0","0"
"1280","1","1","1","0","0","1"
"1281","0","1","1","1","0","0"
"1282","1","1","0","1","1","0"
"1283","1","1","1","1","1","0"
"1284","1","1","0","1","0","0"
"1285","0","0","1","0","0","0"
"1286","0","0","0","0","0","1"
"1287","0","0","0","0","0","0"
"1288","1","1","1","1","0","1"
"1289","1","1","1","1","0","0"
"1290","1","1","1","1","1","0"
"1291","1","1","1","1","0","1"
"1292","0","0","0","0","1","0"
"1293","0","0","0","0","0","1"
"1294","1","1","1","1","0","0"
"1295","1","1","1","1","0","1"
"1296","1","1","1","1","0","1"
"1297","1","1","0","1","0","0"
"1298","0","1","1","1","0","1"
"1299","0","0","0","0","1","1"
"1300","0","0","0","0","1","1"
"1301","0","0","0","0","1","1"
"1302","1","1","1","1","1","0"
"1303","0","1","1","0","0","0"
"1304","0","0","1","1","0","1"
"1305","1","1","1","1","1","1"
"1306","0","0","0","0","1","1"
"1307","0","0","0","0","1","0"
"1308","0","0","0","0","0","1"
"1309","0","0","0","0","1","1"
"1310","1","1","1","1","0","1"
"1311","0","0","0","0","1","0"
"1312","1","1","1","1","1","1"
"1313","0","0","0","0","1","1"
"1314","1","1","1","1","0","1"
"1315","1","1","1","1","0","1"
"1316","0","0","0","0","1","0"
"1317","0","0","0","0","0","1"
"1318","0","0","0","0","1","0"
"1319","0","0","0","0","1","0"
"1320","0","0","0","0","0","1"
"1321","1","1","0","0","0","1"
"1322","0","0","0","0","1","0"
"1323","1","1","0","0","0","0"
"1324","0","0","0","0","1","1"
"1325","1","1","1","1","0","0"
"1326","0","0","0","0","1","0"
"1327","1","1","1","1","0","1"
"1328","0","0","0","0","0","0"
"1329","1","1","0","1","0","0"
"1330","1","1","0","0","0","0"
"1331","0","0","1","0","0","0"
"1332","0","0","0","0","0","1"
"1333","0","0","0","0","1","0"
"1334","0","0","0","0","0","1"
"1335","1","1","1","1","0","1"
"1336","0","0","0","1","1","1"
"1337","0","0","0","0","0","0"
"1338","1","1","1","1","1","1"
"1339","1","1","1","1","0","1"
"1340","1","1","1","1","1","1"
"1341","1","1","1","1","1","0"
"1342","0","0","0","0","1","1"
"1343","0","0","0","0","0","0"
"1344","0","0","0","0","1","0"
"1345","1","1","1","1","0","1"
"1346","0","0","0","0","1","1"
"1347","0","0","0","0","0","1"
"1348","1","1","1","1","1","0"
"1349","1","1","1","1","0","0"
"1350","1","1","1","1","1","1"
"1351","0","0","0","0","1","1"
"1352","0","0","0","0","0","0"
"1353","0","0","0","0","1","0"
"1354","0","0","0","0","1","0"
"1355","1","1","1","1","0","1"
"1356","1","1","0","0","0","0"
"1357","1","1","1","1","0","0"
"1358","0","0","0","0","1","0"
"1359","0","0","0","0","0","0"
"1360","0","0","0","0","1","1"
"1361","1","1","1","1","0","0"
"1362","0","0","0","0","1","0"
"1363","1","1","1","1","0","1"
"1364","1","1","1","1","0","0"
"1365","0","0","0","0","1","1"
"1366","0","0","0","0","0","1"
"1367","1","1","1","1","0","0"
"1368","0","0","0","0","1","0"
"1369","1","1","1","1","1","0"
"1370","0","0","1","0","0","1"
"1371","0","0","0","0","1","1"
"1372","1","1","0","0","0","1"
"1373","0","0","0","0","1","1"
"1374","0","0","0","0","1","0"
"1375","0","1","0","0","1","0"
"1376","1","1","1","1","0","1"
"1377","0","0","0","0","1","0"
"1378","0","0","0","0","1","0"
"1379","1","1","0","1","0","0"
"1380","0","0","0","0","1","0"
"1381","1","1","1","1","0","0"
"1382","1","1","1","1","0","0"
"1383","1","1","1","1","0","0"
"1384","0","0","0","0","0","0"
"1385","1","1","1","1","0","1"
"1386","0","0","0","0","1","0"
"1387","0","1","1","1","0","0"
"1388","1","1","1","0","0","0"
"1389","1","1","1","1","1","1"
"1390","1","1","0","1","0","0"
"1391","0","0","0","0","1","0"
"1392","1","1","1","1","0","0"
"1393","0","0","0","0","1","1"
"1394","1","1","1","1","0","0"
"1395","0","0","0","0","0","0"
"1396","0","0","0","0","0","0"
"1397","0","0","1","1","1","1"
"1398","1","1","0","1","0","0"
"1399","1","1","1","1","0","0"
"1400","1","1","1","1","0","0"
"1401","1","1","1","1","1","1"
"1402","0","0","0","1","0","1"
"1403","0","0","1","0","0","0"
"1404","0","0","0","1","0","0"
"1405","1","1","1","1","0","1"
"1406","0","0","0","0","0","1"
"1407","1","1","1","1","1","1"
"1408","0","0","0","0","0","0"
"1409","0","1","1","1","1","0"
"1410","0","0","1","1","0","1"
"1411","0","0","0","0","0","0"
"1412","0","1","1","1","0","1"
"1413","1","1","1","1","1","1"
"1414","0","0","0","0","0","0"
"1415","0","0","0","0","0","1"
"1416","0","0","0","0","1","1"
"1417","1","1","0","1","1","0"
"1418","0","0","0","1","0","1"
"1419","0","0","0","0","1","1"
"1420","0","0","0","1","1","1"
"1421","0","0","0","0","1","1"
"1422","0","0","0","0","1","1"
"1423","0","0","0","0","1","0"
"1424","1","1","0","0","1","1"
"1425","0","0","0","0","1","1"
"1426","1","1","1","1","0","1"
"1427","1","1","1","1","0","0"
"1428","0","0","0","0","0","1"
"1429","1","1","1","1","0","1"
"1430","0","0","0","0","1","0"
"1431","0","0","0","0","1","0"
"1432","0","0","0","0","0","1"
"1433","1","1","1","1","0","0"
"1434","1","1","0","0","1","0"
"1435","0","0","1","1","0","1"
"1436","1","1","1","1","0","0"
"1437","1","1","1","1","1","1"
"1438","0","0","0","0","0","1"
"1439","1","1","1","1","0","0"
"1440","1","1","1","1","0","1"
"1441","1","1","1","1","1","1"
"1442","0","0","0","0","1","1"
"1443","0","0","0","0","0","0"
"1444","0","0","1","0","0","1"
"1445","1","1","1","1","1","1"
"1446","0","0","0","0","0","0"
"1447","0","0","0","0","0","1"
"1448","0","0","0","0","1","1"
"1449","1","1","0","1","0","1"
"1450","0","0","1","0","1","0"
"1451","1","1","1","1","1","0"
"1452","1","1","1","1","0","1"
"1453","1","1","1","1","1","0"
"1454","0","0","1","0","0","1"
"1455","0","0","0","0","1","0"
"1456","1","1","1","1","1","0"
"1457","0","0","0","0","1","1"
"1458","1","1","1","1","1","1"
"1459","1","1","1","1","0","1"
"1460","1","1","0","1","0","1"
"1461","0","0","0","0","1","1"
"1462","1","1","1","1","1","1"
"1463","1","1","0","0","1","0"
"1464","0","0","0","0","0","0"
"1465","1","1","1","1","1","0"
"1466","1","1","1","1","0","0"
"1467","1","1","0","1","1","0"
"1468","1","1","1","1","0","0"
"1469","0","0","0","0","1","1"
"1470","1","1","0","0","1","1"
"1471","0","0","0","0","1","1"
"1472","0","0","1","0","0","0"
"1473","1","1","1","1","0","0"
"1474","0","0","0","0","1","0"
"1475","0","0","0","0","0","0"
"1476","1","1","0","0","0","1"
"1477","1","1","1","1","0","0"
"1478","0","0","0","0","1","0"
"1479","1","1","1","1","0","1"
"1480","0","1","1","1","0","0"
"1481","0","0","0","1","0","1"
"1482","0","0","0","0","1","0"
"1483","1","1","1","1","0","1"
"1484","1","1","0","0","1","1"
"1485","0","0","0","0","0","0"
"1486","1","0","0","1","1","1"
"1487","0","0","0","0","1","1"
"1488","1","1","1","1","1","0"
"1489","0","0","0","0","1","1"
"1490","1","1","1","1","0","0"
"1491","1","1","0","1","0","1"
"1492","0","0","0","0","0","1"
"1493","0","0","0","0","1","1"
"1494","1","1","1","1","0","1"
"1495","1","1","1","1","1","0"
"1496","1","1","0","1","1","1"
"1497","1","1","1","1","0","0"
"1498","0","0","0","0","0","0"
"1499","1","1","1","1","1","0"
"1500","1","1","1","1","0","1"
"1501","0","0","0","0","1","1"
"1502","0","0","0","0","1","1"
"1503","1","1","1","1","0","1"
"1504","0","0","0","0","1","0"
"1505","0","0","0","0","0","0"
"1506","1","0","0","0","0","0"
"1507","0","0","0","1","0","1"
"1508","1","1","0","1","0","0"
"1509","1","1","1","1","1","0"
"1510","1","1","0","0","1","0"
"1511","0","0","0","0","1","0"
"1512","0","0","0","0","1","1"
"1513","0","0","0","0","0","1"
"1514","0","0","0","0","0","1"
"1515","1","1","0","1","0","0"
"1516","1","1","1","1","0","0"
"1517","1","1","0","1","1","1"
"1518","0","0","0","0","0","0"
"1519","0","0","0","0","1","0"
"1520","1","1","1","1","0","1"
"1521","0","0","0","0","1","1"
"1522","0","0","0","0","1","0"
"1523","1","1","1","1","1","0"
"1524","1","1","1","1","1","0"
"1525","1","1","1","1","0","0"
"1526","0","0","0","0","0","0"
"1527","1","1","1","1","0","1"
"1528","1","1","1","1","1","0"
"1529","1","1","1","1","1","0"
"1530","0","0","0","0","1","0"
"1531","1","1","0","1","1","0"
"1532","1","1","0","1","1","1"
"1533","0","0","0","0","1","0"
"1534","0","0","0","0","0","1"
"1535","0","1","1","1","0","1"
"1536","1","1","1","1","1","1"
"1537","0","0","0","0","0","1"
"1538","0","0","0","0","0","0"
"1539","0","0","0","0","1","0"
"1540","1","1","1","1","1","1"
"1541","0","0","1","0","0","1"
"1542","0","0","0","0","0","0"
"1543","1","1","1","1","0","0"
"1544","0","0","0","0","1","0"
"1545","1","1","0","1","1","1"
"1546","0","0","0","0","1","0"
"1547","1","1","0","1","1","0"
"1548","1","1","1","0","1","1"
"1549","1","1","0","0","0","1"
"1550","0","0","0","0","0","1"
"1551","1","1","1","1","0","1"
"1552","0","0","0","0","0","0"
"1553","1","1","1","1","0","0"
"1554","1","0","0","0","1","1"
"1555","0","0","1","0","1","1"
"1556","0","0","0","0","1","1"
"1557","0","0","0","0","1","0"
"1558","1","1","1","1","1","1"
"1559","0","0","0","0","0","0"
"1560","0","0","0","0","0","1"
"1561","0","0","0","0","1","1"
"1562","0","0","0","1","1","1"
"1563","0","0","0","0","0","1"
"1564","0","0","0","0","0","1"
"1565","1","1","1","1","0","0"
"1566","0","0","0","0","1","1"
"1567","1","1","1","1","0","1"
"1568","1","1","0","1","0","1"
"1569","1","1","1","1","0","0"
"1570","1","1","0","0","0","1"
"1571","0","0","0","0","1","0"
"1572","0","0","0","0","0","0"
"1573","0","0","0","0","1","1"
"1574","1","1","1","1","1","0"
"1575","1","1","1","1","0","1"
"1576","1","1","1","1","0","1"
"1577","0","0","0","0","1","1"
"1578","1","1","1","1","0","0"
"1579","1","1","1","1","1","1"
"1580","1","1","1","1","0","1"
"1581","0","0","0","0","0","1"
"1582","1","1","1","1","0","0"
"1583","0","0","0","1","0","1"
"1584","0","0","0","0","0","1"
"1585","0","0","1","1","0","0"
"1586","1","1","1","1","1","1"
"1587","1","1","1","1","0","0"
"1588","0","1","1","1","0","1"
"1589","0","0","0","0","1","1"
"1590","0","0","0","0","1","1"
"1591","1","1","0","1","0","1"
"1592","1","1","0","1","0","0"
"1593","1","1","1","1","1","1"
"1594","1","1","1","1","1","1"
"1595","1","1","1","0","0","0"
"1596","0","0","0","0","1","0"
"1597","1","1","1","1","1","0"
"1598","0","0","0","0","1","1"
"1599","0","0","1","1","0","1"
"1600","0","0","0","0","1","1"
"1601","0","0","0","0","0","0"
"1602","1","1","0","1","1","0"
"1603","1","1","1","1","0","1"
"1604","0","0","1","0","0","0"
"1605","0","0","0","0","1","1"
"1606","1","1","1","1","0","0"
"1607","1","1","1","0","1","1"
"1608","0","0","1","0","0","1"
"1609","0","0","0","0","1","0"
"1610","1","1","1","1","0","0"
"1611","0","0","0","0","0","0"
"1612","0","0","0","0","0","1"
"1613","0","0","1","1","0","1"
"1614","0","0","0","0","0","0"
"1615","0","0","0","0","1","1"
"1616","1","1","1","1","1","1"
"1617","0","1","1","0","1","0"
"1618","1","1","1","1","1","0"
"1619","0","0","0","0","1","1"
"1620","0","0","1","0","1","1"
"1621","0","0","1","0","0","0"
"1622","0","0","0","0","1","0"
"1623","1","1","1","0","0","0"
"1624","1","1","1","1","0","1"
"1625","0","0","0","0","1","1"
"1626","0","0","0","0","0","0"
"1627","0","0","0","0","0","0"
"1628","0","0","1","0","0","0"
"1629","1","1","1","1","1","0"
"1630","0","0","0","0","0","0"
"1631","1","1","1","1","0","0"
"1632","1","1","1","1","1","1"
"1633","1","1","1","1","0","0"
"1634","0","0","0","0","1","0"
"1635","1","1","1","1","0","1"
"1636","1","0","0","0","1","0"
"1637","1","1","1","1","1","1"
"1638","1","1","1","1","1","1"
"1639","0","0","0","0","1","1"
"1640","1","1","1","1","1","0"
"1641","0","0","0","0","0","0"
"1642","0","0","0","0","1","1"
"1643","1","1","1","1","0","0"
"1644","0","0","0","0","0","1"
"1645","1","1","1","0","0","1"
"1646","1","1","0","1","1","0"
"1647","0","0","0","0","1","0"
"1648","1","1","0","1","1","1"
"1649","1","1","1","0","1","1"
"1650","1","1","1","1","0","0"
"1651","1","1","1","1","0","0"
"1652","0","0","1","1","0","0"
"1653","0","0","0","0","1","1"
"1654","1","1","1","1","0","1"
"1655","1","0","0","0","1","1"
"1656","0","0","0","0","1","1"
"1657","0","0","0","0","0","1"
"1658","0","0","1","1","1","1"
"1659","1","1","0","1","0","1"
"1660","1","1","0","1","1","1"
"1661","1","1","1","1","0","0"
"1662","0","0","0","0","0","0"
"1663","0","0","0","0","1","1"
"1664","1","1","0","1","0","1"
"1665","1","1","1","1","1","1"
"1666","0","1","1","1","0","0"
"1667","1","1","0","1","0","1"
"1668","1","1","0","1","0","0"
"1669","0","0","0","0","1","0"
"1670","0","0","0","0","1","1"
"1671","0","0","0","0","0","1"
"1672","0","0","1","0","0","0"
"1673","1","1","0","1","0","1"
"1674","0","0","0","0","0","1"
"1675","1","1","1","1","0","0"
"1676","1","1","1","1","1","0"
"1677","0","1","1","1","0","0"
"1678","1","1","1","1","1","0"
"1679","0","0","0","0","0","0"
"1680","1","1","1","1","1","0"
"1681","0","0","0","0","0","1"
"1682","0","0","0","0","1","1"
"1683","0","0","1","1","0","1"
"1684","0","0","0","0","1","1"
"1685","1","1","0","1","1","0"
"1686","1","1","1","1","0","1"
"1687","0","0","1","1","1","1"
"1688","0","0","0","0","0","1"
"1689","1","1","1","1","1","0"
"1690","1","1","1","1","0","1"
"1691","1","1","1","1","0","1"
"1692","1","1","1","1","0","1"
"1693","0","0","1","1","0","1"
"1694","1","1","1","1","0","1"
"1695","1","1","1","1","0","1"
"1696","1","1","0","1","0","1"
"1697","0","0","0","0","1","1"
"1698","1","1","1","1","0","1"
"1699","0","0","0","0","1","0"
"1700","0","0","1","1","0","0"
"1701","1","1","1","1","1","0"
"1702","1","1","1","1","0","0"
"1703","1","1","1","1","0","1"
"1704","0","0","0","0","0","0"
"1705","1","1","0","1","0","1"
"1706","1","0","0","0","0","1"
"1707","1","1","1","1","1","0"
"1708","1","1","1","1","0","0"
"1709","0","0","0","0","1","0"
"1710","1","0","0","0","0","1"
"1711","1","1","0","0","1","0"
"1712","1","1","1","1","0","0"
"1713","0","0","1","0","1","1"
"1714","1","1","1","1","0","1"
"1715","1","1","1","1","1","1"
"1716","1","1","0","1","1","0"
"1717","0","0","1","1","0","1"
"1718","0","1","1","0","1","1"
"1719","1","1","0","1","1","1"
"1720","0","0","0","0","1","0"
"1721","0","0","0","0","0","0"
"1722","1","1","0","1","1","0"
"1723","0","1","1","1","1","0"
"1724","0","0","0","0","1","1"
"1725","0","0","0","0","0","0"
"1726","0","0","0","0","1","0"
"1727","0","0","0","0","0","1"
"1728","0","0","0","0","1","0"
"1729","0","0","0","0","1","1"
"1730","0","0","0","0","1","0"
"1731","0","0","0","0","0","1"
"1732","0","0","0","0","0","1"
"1733","1","1","1","1","0","1"
"1734","0","0","0","0","1","1"
"1735","0","0","0","0","1","0"
"1736","0","0","0","0","1","0"
"1737","0","0","0","0","1","1"
"1738","1","1","1","1","0","1"
"1739","1","1","0","1","0","0"
"1740","1","1","1","1","0","1"
"1741","0","0","1","1","1","1"
"1742","0","0","1","1","0","1"
"1743","0","0","0","0","1","1"
"1744","1","1","1","1","0","0"
"1745","0","0","1","1","0","1"
"1746","0","0","0","0","1","0"
"1747","1","1","1","1","0","0"
"1748","0","1","0","0","0","1"
"1749","1","1","0","1","0","0"
"1750","0","0","0","0","1","0"
"1751","0","0","0","0","1","1"
"1752","1","1","1","1","1","1"
"1753","0","0","0","0","0","1"
"1754","1","1","0","1","0","1"
"1755","1","1","0","1","1","1"
"1756","1","1","1","1","0","1"
"1757","0","0","0","0","0","1"
"1758","1","1","0","0","0","0"
"1759","0","0","1","0","1","0"
"1760","1","1","0","1","0","1"
"1761","1","1","1","1","1","0"
"1762","0","0","0","1","1","0"
"1763","0","0","0","0","1","0"
"1764","1","1","1","1","0","0"
"1765","0","0","0","0","1","0"
"1766","1","1","1","1","0","1"
"1767","0","1","1","0","0","1"
"1768","0","0","0","0","1","0"
"1769","1","1","1","1","0","1"
"1770","1","1","1","1","1","1"
"1771","0","0","1","1","1","1"
"1772","0","0","0","0","0","0"
"1773","1","1","0","1","1","1"
"1774","0","0","0","0","0","1"
"1775","1","1","1","1","0","0"
"1776","0","0","0","0","1","1"
"1777","1","1","0","0","1","0"
"1778","0","0","0","0","0","1"
"1779","1","1","1","1","0","0"
"1780","0","0","0","0","1","1"
"1781","1","1","0","1","0","0"
"1782","0","0","0","0","0","0"
"1783","1","1","0","0","1","1"
"1784","0","0","0","0","1","1"
"1785","0","0","0","0","0","0"
"1786","0","0","0","0","0","1"
"1787","0","0","0","0","1","1"
"1788","1","1","1","1","1","0"
"1789","0","0","0","0","0","0"
"1790","0","0","0","0","1","1"
"1791","1","1","1","1","0","1"
"1792","1","1","1","1","0","1"
"1793","0","0","0","0","0","1"
"1794","0","0","0","0","1","1"
"1795","1","1","1","1","1","1"
"1796","1","1","0","1","0","1"
"1797","1","1","1","1","0","1"
"1798","0","0","0","0","1","0"
"1799","1","1","1","1","0","0"
"1800","1","1","1","1","1","1"
"1801","0","0","0","0","1","1"
"1802","0","0","0","0","1","0"
"1803","1","1","1","0","0","0"
"1804","1","1","1","1","0","1"
"1805","1","1","0","1","1","1"
"1806","1","1","1","1","0","1"
"1807","1","1","1","1","0","0"
"1808","0","0","0","0","1","0"
"1809","0","0","1","1","0","1"
"1810","0","0","0","0","1","1"
"1811","0","0","0","0","0","1"
"1812","0","0","0","0","0","1"
"1813","1","1","1","1","0","0"
"1814","0","0","1","0","1","1"
"1815","0","0","0","0","1","1"
"1816","1","1","0","0","0","1"
"1817","1","1","1","1","1","1"
"1818","0","0","0","0","1","1"
"1819","0","0","0","0","1","0"
"1820","1","1","0","1","1","0"
"1821","0","0","1","1","0","1"
"1822","0","0","0","0","1","1"
"1823","0","0","0","0","0","0"
"1824","0","0","0","0","0","0"
"1825","0","0","0","1","1","0"
"1826","1","1","1","1","0","0"
"1827","0","0","0","0","0","1"
"1828","1","1","1","1","0","0"
"1829","0","0","1","0","1","1"
"1830","0","0","0","0","0","1"
"1831","1","1","0","0","0","1"
"1832","0","0","0","0","0","0"
"1833","1","1","0","1","1","0"
"1834","1","1","1","1","0","0"
"1835","1","1","1","1","1","0"
"1836","0","0","0","0","0","1"
"1837","1","1","1","1","0","1"
"1838","1","1","1","1","0","0"
"1839","0","0","0","0","0","1"
"1840","1","1","1","1","0","1"
"1841","0","0","0","0","0","0"
"1842","0","0","0","1","0","1"
"1843","0","1","0","1","1","0"
"1844","0","0","0","0","0","0"
"1845","0","0","1","0","1","0"
"1846","1","0","0","0","1","0"
"1847","0","0","1","1","0","0"
"1848","1","1","1","1","1","1"
"1849","0","0","0","1","0","0"
"1850","1","1","1","1","1","0"
"1851","0","0","0","0","1","0"
"1852","1","1","1","1","0","0"
"1853","1","1","0","1","0","1"
"1854","0","0","1","1","0","0"
"1855","1","1","1","1","0","1"
"1856","1","1","1","1","1","1"
"1857","1","1","1","1","1","0"
"1858","1","1","0","0","1","1"
"1859","0","0","0","0","0","0"
"1860","1","1","1","1","1","1"
"1861","0","0","0","0","1","1"
"1862","1","1","1","1","0","0"
"1863","1","1","0","1","1","1"
"1864","0","0","0","0","0","1"
"1865","1","1","1","1","0","0"
"1866","1","1","1","1","0","0"
"1867","0","0","0","0","0","1"
"1868","0","0","0","0","0","1"
"1869","0","0","0","0","1","0"
"1870","1","1","1","1","1","1"
"1871","1","1","0","1","1","1"
"1872","0","0","1","0","1","0"
"1873","1","1","0","1","0","0"
"1874","0","0","0","0","0","0"
"1875","0","0","0","0","0","1"
"1876","0","0","0","0","1","0"
"1877","0","0","0","0","0","1"
"1878","1","1","0","0","1","0"
"1879","1","1","0","1","1","0"
"1880","0","0","0","0","0","0"
"1881","0","0","0","0","1","0"
"1882","0","0","0","0","1","0"
"1883","1","1","0","1","0","0"
"1884","0","0","0","0","0","0"
"1885","0","0","0","0","1","1"
"1886","1","1","1","0","0","0"
"1887","0","0","0","0","1","0"
"1888","0","0","0","0","1","1"
"1889","1","1","1","1","0","0"
"1890","0","0","0","0","1","0"
"1891","1","1","0","1","1","0"
"1892","0","0","0","0","0","1"
"1893","1","1","1","1","0","1"
"1894","1","1","0","1","0","1"
"1895","1","1","1","1","0","0"
"1896","0","0","0","0","0","0"
"1897","0","0","0","0","0","0"
"1898","0","0","1","1","1","1"
"1899","1","1","0","1","0","1"
"1900","1","1","0","1","0","1"
"1901","1","1","1","0","0","0"
"1902","0","0","0","0","0","0"
"1903","1","1","1","1","1","0"
"1904","0","0","0","1","1","0"
"1905","1","1","1","1","0","1"
"1906","0","0","0","0","1","0"
"1907","1","1","0","0","0","0"
"1908","1","1","0","0","1","0"
"1909","0","0","1","1","0","0"
"1910","0","0","0","0","1","0"
"1911","1","1","0","1","1","0"
"1912","0","0","0","0","0","0"
"1913","0","0","0","0","1","1"
"1914","0","0","0","0","0","0"
"1915","1","1","1","1","0","1"
"1916","0","0","1","0","1","1"
"1917","1","1","0","0","1","0"
"1918","1","1","1","0","1","1"
"1919","0","0","0","0","1","1"
"1920","1","1","0","0","0","1"
"1921","1","1","1","1","1","1"
"1922","0","0","0","1","1","1"
"1923","1","1","1","1","1","1"
"1924","1","1","1","1","1","1"
"1925","0","0","0","0","0","0"
"1926","1","1","1","1","1","1"
"1927","0","0","0","0","1","0"
"1928","0","0","0","0","1","1"
"1929","1","1","1","1","1","0"
"1930","0","0","0","0","1","0"
"1931","1","1","1","1","0","0"
"1932","1","1","1","1","0","0"
"1933","1","1","1","1","0","0"
"1934","0","0","0","0","1","0"
"1935","0","0","0","0","1","0"
"1936","1","1","1","1","1","0"
"1937","0","1","1","1","1","1"
"1938","0","0","0","0","1","0"
"1939","0","0","0","0","0","0"
"1940","0","0","0","1","1","0"
"1941","1","1","1","1","0","1"
"1942","0","0","0","0","1","1"
"1943","0","0","0","0","0","0"
"1944","0","0","0","0","1","0"
"1945","1","1","1","0","0","0"
"1946","1","1","0","0","0","0"
"1947","1","1","1","1","0","0"
"1948","0","0","0","0","0","1"
"1949","1","1","1","1","0","1"
"1950","0","1","0","0","0","0"
"1951","0","0","0","0","1","0"
"1952","0","0","0","0","1","1"
"1953","0","0","0","0","1","0"
"1954","1","1","1","1","1","0"
"1955","1","1","1","1","0","0"
"1956","0","0","0","0","1","1"
"1957","0","0","1","0","0","1"
"1958","0","0","0","0","0","0"
"1959","1","1","0","1","0","0"
"1960","0","0","0","0","0","1"
"1961","1","1","0","1","0","1"
"1962","1","1","1","1","1","1"
"1963","1","1","1","1","0","0"
"1964","1","1","0","1","1","0"
"1965","0","0","0","0","1","1"
"1966","0","0","0","0","1","1"
"1967","0","0","0","0","0","1"
"1968","0","0","0","0","0","1"
"1969","0","0","1","1","0","1"
"1970","0","0","0","0","1","1"
"1971","0","0","0","0","1","1"
"1972","1","1","1","1","1","0"
"1973","0","0","0","0","1","1"
"1974","1","1","1","1","0","0"
"1975","0","0","0","0","0","1"
"1976","0","0","0","0","1","0"
"1977","0","0","0","0","1","1"
"1978","0","0","1","1","0","0"
"1979","0","0","0","0","1","0"
"1980","0","0","0","0","1","0"
"1981","0","0","0","0","1","0"
"1982","1","1","0","1","0","0"
"1983","1","1","1","1","0","0"
"1984","1","1","1","1","1","1"
"1985","1","1","1","1","0","0"
"1986","0","0","0","0","0","1"
"1987","0","0","0","0","1","1"
"1988","0","0","0","0","0","1"
"1989","0","0","0","0","1","1"
"1990","0","0","0","0","0","0"
"1991","0","0","0","1","1","0"
"1992","1","1","1","1","0","0"
"1993","0","0","0","0","1","0"
"1994","1","1","1","1","1","1"
"1995","0","0","0","0","0","0"
"1996","1","1","0","0","0","0"
"1997","0","0","0","0","1","0"
"1998","0","0","0","0","0","0"
"1999","0","1","1","1","1","1"
"2000","1","1","1","1","1","1"
"2001","1","1","0","0","1","0"
"2002","0","0","0","0","0","1"
"2003","0","0","0","0","0","1"
"2004","0","0","0","0","0","1"
"2005","1","1","1","1","1","0"
"2006","1","1","1","1","0","0"
"2007","0","0","0","0","1","1"
"2008","1","1","1","1","0","1"
"2009","1","1","1","1","0","0"
"2010","1","1","1","1","0","0"
"2011","1","1","0","1","0","1"
"2012","1","1","1","1","0","0"
"2013","0","0","0","0","0","1"
"2014","1","1","1","1","0","0"
"2015","1","1","1","1","1","0"
"2016","0","0","0","0","1","1"
"2017","1","1","1","1","1","1"
"2018","0","1","1","1","1","0"
"2019","1","1","1","1","1","0"
"2020","0","0","0","0","0","0"
"2021","0","0","0","0","0","1"
"2022","0","0","0","0","1","0"
"2023","1","1","1","1","0","1"
"2024","1","1","1","1","0","1"
"2025","1","1","0","1","1","0"
"2026","0","0","0","0","0","1"
"2027","1","1","1","1","1","0"
"2028","0","0","0","0","1","1"
"2029","1","1","1","1","0","1"
"2030","0","0","0","1","0","0"
"2031","0","0","0","1","0","1"
"2032","1","1","1","1","1","1"
"2033","0","0","1","0","0","1"
"2034","0","1","1","1","1","1"
"2035","0","0","0","0","1","1"
"2036","0","0","0","0","1","0"
"2037","1","1","1","1","0","1"
"2038","1","1","1","1","1","1"
"2039","1","1","1","1","1","1"
"2040","0","0","0","0","1","0"
"2041","1","1","1","1","0","1"
"2042","0","0","0","0","1","0"
"2043","0","0","0","0","1","0"
"2044","1","1","1","1","1","0"
"2045","0","0","1","1","1","1"
"2046","0","0","0","0","1","0"
"2047","1","1","0","0","0","0"
"2048","0","0","0","0","1","0"
"2049","0","0","0","0","1","0"
"2050","1","1","1","1","0","0"
"2051","0","0","0","0","0","0"
"2052","1","1","0","0","0","0"
"2053","0","0","0","0","1","0"
"2054","1","1","1","1","0","1"
"2055","0","0","0","0","1","1"
"2056","1","0","0","1","1","0"
"2057","1","1","1","1","0","0"
"2058","0","0","0","0","1","1"
"2059","1","1","1","1","0","0"
"2060","1","1","1","1","0","1"
"2061","1","1","1","1","1","0"
"2062","1","1","1","1","0","0"
"2063","0","0","0","0","1","1"
"2064","1","1","1","1","0","1"
"2065","1","1","1","1","1","1"
"2066","0","0","0","0","0","0"
"2067","1","1","0","1","1","0"
"2068","0","0","0","0","1","1"
"2069","0","0","0","0","1","0"
"2070","1","1","1","1","0","0"
"2071","0","0","0","0","1","0"
"2072","0","0","0","0","0","0"
"2073","0","0","0","0","1","1"
"2074","1","1","0","0","1","0"
"2075","1","1","1","1","0","1"
"2076","1","1","1","1","0","1"
"2077","0","1","1","1","0","1"
"2078","0","0","0","0","0","0"
"2079","0","0","0","0","1","0"
"2080","1","1","1","1","0","0"
"2081","1","1","0","1","0","1"
"2082","1","1","1","1","1","1"
"2083","0","0","0","0","0","1"
"2084","0","1","0","0","1","1"
"2085","0","0","1","1","0","0"
"2086","1","1","0","0","0","0"
"2087","1","1","1","1","0","1"
"2088","0","0","0","0","0","0"
"2089","0","0","0","0","1","1"
"2090","1","1","1","1","1","0"
"2091","0","0","1","1","0","1"
"2092","1","1","1","1","0","1"
"2093","0","0","0","0","1","1"
"2094","1","1","1","1","0","0"
"2095","1","1","1","1","1","1"
"2096","1","1","1","1","0","0"
"2097","0","0","0","0","1","0"
"2098","0","0","0","1","0","1"
"2099","1","1","0","1","0","0"
"2100","0","0","0","0","1","1"
"2101","0","0","0","0","1","1"
"2102","1","1","0","1","1","1"
"2103","1","1","1","1","1","1"
"2104","1","1","0","0","1","0"
"2105","1","1","1","1","1","1"
"2106","1","1","1","1","0","0"
"2107","0","0","0","0","0","0"
"2108","1","1","1","1","0","1"
"2109","1","1","1","1","1","0"
"2110","0","0","0","0","0","1"
"2111","1","1","1","1","0","1"
"2112","1","0","0","1","1","1"
"2113","0","0","0","0","1","1"
"2114","0","0","0","0","1","1"
"2115","1","1","0","0","1","0"
"2116","0","0","0","0","1","1"
"2117","0","0","0","0","1","1"
"2118","1","1","1","1","1","0"
"2119","0","0","1","1","0","1"
"2120","0","0","0","0","1","0"
"2121","0","0","0","0","0","0"
"2122","0","0","0","0","0","1"
"2123","0","1","1","0","0","1"
"2124","0","0","0","0","1","0"
"2125","1","1","1","1","1","1"
"2126","1","1","1","1","0","1"
"2127","1","1","1","0","0","1"
"2128","1","1","1","1","0","0"
"2129","1","1","1","1","1","0"
"2130","1","1","1","1","1","0"
"2131","1","1","1","1","1","0"
"2132","0","0","0","0","0","1"
"2133","1","1","0","1","1","0"
"2134","0","0","0","0","1","0"
"2135","1","1","1","1","1","1"
"2136","1","0","0","1","1","1"
"2137","0","0","0","0","1","0"
"2138","0","0","0","0","1","0"
"2139","0","0","1","0","0","0"
"2140","0","0","0","0","0","1"
"2141","0","0","0","0","0","0"
"2142","1","1","0","0","1","1"
"2143","0","0","0","0","1","0"
"2144","0","0","0","0","1","0"
"2145","1","1","0","1","0","1"
"2146","1","1","1","1","1","1"
"2147","1","1","1","1","1","1"
"2148","1","1","1","1","1","0"
"2149","0","0","0","0","0","0"
"2150","0","0","0","0","0","1"
"2151","1","1","1","1","0","1"
"2152","0","0","1","0","0","1"
"2153","0","1","1","1","0","1"
"2154","0","0","0","0","0","0"
"2155","1","1","1","1","1","0"
"2156","1","1","1","1","0","1"
"2157","1","1","0","1","1","1"
"2158","1","1","0","1","0","1"
"2159","1","1","0","1","0","1"
"2160","1","1","1","1","0","1"
"2161","0","0","0","1","1","0"
"2162","1","1","1","1","0","0"
"2163","1","0","0","0","1","1"
"2164","0","0","1","1","1","0"
"2165","0","0","0","0","0","0"
"2166","1","1","1","1","0","1"
"2167","1","1","0","1","0","1"
"2168","0","0","1","0","0","1"
"2169","0","0","0","0","0","0"
"2170","1","0","0","1","0","1"
"2171","0","0","0","0","1","0"
"2172","0","1","1","1","0","0"
"2173","1","1","0","0","1","1"
"2174","1","1","1","1","0","1"
"2175","0","0","0","0","1","1"
"2176","1","1","0","1","1","0"
"2177","0","0","0","0","0","0"
"2178","0","0","0","0","0","0"
"2179","0","0","0","0","1","1"
"2180","1","1","1","1","0","1"
"2181","0","0","0","0","0","1"
"2182","1","1","1","0","0","1"
"2183","1","1","1","1","1","1"
"2184","1","1","0","0","1","1"
"2185","0","0","0","0","0","0"
"2186","0","0","1","0","0","0"
"2187","0","0","0","0","1","0"
"2188","0","1","1","1","0","0"
"2189","1","1","1","1","1","0"
"2190","1","1","1","1","0","0"
"2191","1","1","1","1","0","0"
"2192","0","0","0","0","0","0"
"2193","0","0","0","0","1","1"
"2194","0","0","0","0","1","1"
"2195","1","1","1","1","1","1"
"2196","1","1","0","0","0","0"
"2197","0","0","1","1","0","0"
"2198","0","0","1","0","0","1"
"2199","1","1","1","1","0","0"
"2200","1","1","1","1","0","1"
"2201","0","0","0","0","1","1"
"2202","1","1","1","1","1","1"
"2203","0","0","0","0","1","1"
"2204","0","0","0","0","0","0"
"2205","1","1","0","1","0","0"
"2206","1","1","1","1","1","1"
"2207","0","0","0","0","1","0"
"2208","0","0","0","0","1","0"
"2209","1","1","0","0","0","1"
"2210","0","0","1","0","1","1"
"2211","1","1","1","1","1","1"
"2212","1","1","1","0","0","1"
"2213","0","0","0","0","0","1"
"2214","1","1","1","1","0","0"
"2215","0","0","0","0","1","0"
"2216","1","1","0","1","0","1"
"2217","0","0","0","1","1","1"
"2218","0","0","0","0","1","0"
"2219","1","1","1","1","1","0"
"2220","0","0","0","0","1","0"
"2221","1","1","1","1","0","0"
"2222","1","1","1","0","0","0"
"2223","1","1","1","1","0","0"
"2224","0","0","0","0","1","1"
"2225","0","0","0","0","0","1"
"2226","1","1","1","1","1","0"
"2227","1","1","1","1","0","0"
"2228","1","1","1","1","1","1"
"2229","0","0","0","0","1","0"
"2230","1","1","1","1","0","0"
"2231","1","1","1","1","0","0"
"2232","0","0","0","0","1","0"
"2233","0","0","0","0","1","0"
"2234","0","0","1","0","0","0"
"2235","0","0","0","0","0","1"
"2236","1","1","1","1","1","1"
"2237","1","1","1","1","1","0"
"2238","1","1","0","0","1","0"
"2239","1","1","0","1","0","1"
"2240","0","0","0","0","1","1"
"2241","0","0","0","0","0","0"
"2242","1","1","0","1","0","1"
"2243","0","0","0","0","1","1"
"2244","1","1","1","1","0","1"
"2245","1","1","1","1","1","1"
"2246","1","1","0","1","1","0"
"2247","1","1","1","1","1","0"
"2248","0","0","0","0","0","1"
"2249","0","1","1","1","0","1"
"2250","0","0","0","0","0","0"
"2251","0","0","0","0","1","0"
"2252","1","1","1","1","0","0"
"2253","0","0","0","0","1","0"
"2254","1","1","0","1","0","0"
"2255","0","0","0","0","1","0"
"2256","0","0","0","0","1","1"
"2257","1","1","1","1","0","1"
"2258","1","1","1","1","0","0"
"2259","1","1","0","0","0","1"
"2260","1","1","1","1","0","1"
"2261","1","1","1","1","0","1"
"2262","1","1","0","1","1","0"
"2263","0","0","0","0","0","1"
"2264","1","1","1","1","0","0"
"2265","0","0","0","0","0","1"
"2266","0","0","0","0","1","0"
"2267","1","1","1","1","1","0"
"2268","0","0","0","0","0","1"
"2269","0","0","0","0","1","1"
"2270","1","1","1","0","0","0"
"2271","1","1","0","0","0","1"
"2272","1","1","1","1","0","0"
"2273","1","1","1","1","0","0"
"2274","1","1","1","1","0","1"
"2275","1","1","0","1","0","0"
"2276","0","0","0","0","0","1"
"2277","0","0","0","0","1","0"
"2278","0","0","0","0","0","0"
"2279","0","0","0","0","1","0"
"2280","0","0","0","0","1","1"
"2281","1","1","1","1","1","1"
"2282","1","1","1","1","0","0"
"2283","0","0","0","0","0","0"
"2284","0","0","1","0","0","1"
"2285","1","1","0","0","1","1"
"2286","0","0","1","0","0","1"
"2287","0","0","0","1","1","0"
"2288","0","0","0","0","1","0"
"2289","0","0","0","0","1","0"
"2290","0","0","0","0","1","1"
"2291","0","0","0","0","1","0"
"2292","0","0","0","0","0","0"
"2293","1","1","1","1","0","0"
"2294","0","0","0","0","1","0"
"2295","1","1","1","1","1","0"
"2296","0","0","0","0","1","0"
"2297","1","1","1","1","0","1"
"2298","1","1","1","1","0","0"
"2299","0","0","0","0","0","1"
"2300","1","1","1","1","1","1"
"2301","1","1","1","1","0","1"
"2302","0","0","0","0","1","1"
"2303","0","0","0","0","1","1"
"2304","0","0","0","1","0","0"
"2305","1","1","1","1","0","1"
"2306","0","0","0","0","0","1"
"2307","1","1","1","1","0","0"
"2308","0","0","1","0","0","0"
"2309","1","1","1","1","0","1"
"2310","0","0","0","0","1","1"
"2311","0","0","0","0","1","1"
"2312","1","1","1","1","1","1"
"2313","0","0","0","0","1","0"
"2314","0","1","0","0","0","0"
"2315","1","1","1","1","1","1"
"2316","0","0","0","0","1","1"
"2317","0","0","0","0","1","1"
"2318","0","0","0","0","1","1"
"2319","1","1","0","1","1","1"
"2320","1","0","0","1","0","1"
"2321","0","0","0","0","0","0"
"2322","0","0","0","0","1","1"
"2323","1","1","1","1","1","1"
"2324","0","0","0","0","1","1"
"2325","0","0","0","0","0","1"
"2326","1","1","1","1","1","0"
"2327","0","0","0","0","0","1"
"2328","0","0","0","0","0","1"
"2329","0","0","1","1","0","0"
"2330","1","1","1","1","0","1"
"2331","1","1","1","1","1","1"
"2332","0","0","0","0","0","0"
"2333","1","0","0","0","0","0"
"2334","0","0","0","0","0","1"
"2335","1","1","0","0","0","1"
"2336","1","1","1","1","0","0"
"2337","1","1","1","1","0","0"
"2338","0","0","0","0","0","0"
"2339","1","1","1","1","0","1"
"2340","0","0","0","0","0","0"
"2341","0","0","0","0","1","1"
"2342","1","1","1","1","0","0"
"2343","1","1","0","1","0","1"
"2344","1","1","1","1","0","1"
"2345","1","1","1","1","1","0"
"2346","1","1","1","1","0","0"
"2347","0","0","0","0","1","0"
"2348","1","1","1","1","0","0"
"2349","1","1","0","1","0","0"
"2350","1","1","1","1","0","1"
"2351","1","1","1","1","0","0"
"2352","1","1","1","1","1","1"
"2353","0","0","0","0","1","0"
"2354","0","0","0","0","1","1"
"2355","1","1","0","1","0","0"
"2356","0","0","0","0","1","1"
"2357","1","1","0","0","1","0"
"2358","1","1","1","1","0","0"
"2359","1","1","1","1","0","1"
"2360","0","0","0","0","1","0"
"2361","1","1","0","1","1","1"
"2362","0","0","0","0","1","0"
"2363","0","0","0","0","1","0"
"2364","0","0","0","0","1","0"
"2365","1","0","0","0","0","0"
"2366","0","0","0","0","1","1"
"2367","1","1","0","1","1","0"
"2368","1","1","1","1","0","1"
"2369","1","1","1","1","1","0"
"2370","0","0","0","0","0","0"
"2371","0","0","0","0","1","0"
"2372","1","1","0","1","1","0"
"2373","1","1","1","1","0","1"
"2374","1","1","1","1","0","0"
"2375","0","0","0","0","1","0"
"2376","1","1","1","1","0","0"
"2377","1","1","1","1","0","0"
"2378","0","0","0","0","1","1"
"2379","0","0","1","1","0","0"
"2380","1","1","0","1","0","1"
"2381","1","1","1","1","0","0"
"2382","0","0","0","0","0","0"
"2383","1","1","1","1","0","1"
"2384","1","1","1","1","1","0"
"2385","0","0","0","0","1","1"
"2386","0","0","0","0","1","1"
"2387","1","1","0","1","1","0"
"2388","0","0","0","0","0","0"
"2389","0","0","0","0","1","0"
"2390","0","0","0","0","0","1"
"2391","1","1","1","1","0","0"
"2392","1","0","0","0","0","1"
"2393","1","1","0","0","1","1"
"2394","1","1","1","1","1","0"
"2395","1","1","1","1","1","1"
"2396","0","0","0","1","1","0"
"2397","0","1","1","1","0","0"
"2398","1","1","1","1","1","0"
"2399","1","1","1","1","0","1"
"2400","1","1","1","1","1","1"
"2401","1","1","1","1","0","1"
"2402","0","0","1","0","1","0"
"2403","0","0","0","0","1","1"
"2404","1","1","0","0","1","1"
"2405","1","1","1","0","0","1"
"2406","1","1","1","1","0","1"
"2407","0","0","0","0","0","0"
"2408","0","0","0","0","1","1"
"2409","0","0","0","0","0","0"
"2410","0","0","0","0","0","0"
"2411","0","0","0","0","0","1"
"2412","1","1","1","1","0","0"
"2413","0","0","0","0","0","0"
"2414","1","1","1","1","0","1"
"2415","1","1","1","1","0","0"
"2416","0","0","1","1","0","1"
"2417","0","0","0","0","1","1"
"2418","0","0","0","0","0","1"
"2419","0","0","0","0","1","0"
"2420","1","1","1","1","1","0"
"2421","1","1","1","1","0","0"
"2422","0","1","1","1","0","1"
"2423","1","1","1","1","0","1"
"2424","1","1","0","1","1","1"
"2425","1","1","0","1","1","0"
"2426","0","1","1","1","0","1"
"2427","1","1","1","1","0","0"
"2428","0","0","0","0","0","1"
"2429","1","1","1","1","0","1"
"2430","0","0","0","0","1","0"
"2431","0","0","0","0","0","1"
"2432","0","0","0","0","1","1"
"2433","1","1","1","1","1","0"
"2434","0","0","0","0","1","1"
"2435","0","0","0","0","1","0"
"2436","1","1","1","1","1","1"
"2437","1","1","1","0","0","0"
"2438","0","0","0","0","0","1"
"2439","0","0","0","0","1","0"
"2440","0","0","0","0","1","1"
"2441","0","0","0","0","0","0"
"2442","0","0","0","0","1","0"
"2443","1","1","1","1","0","1"
"2444","0","0","0","0","0","0"
"2445","1","1","0","1","0","0"
"2446","1","1","0","1","0","0"
"2447","1","1","1","1","0","0"
"2448","1","1","1","1","0","1"
"2449","1","1","1","1","0","0"
"2450","1","1","0","0","1","1"
"2451","0","0","0","0","1","1"
"2452","0","0","0","0","1","0"
"2453","1","1","0","0","1","1"
"2454","0","0","0","0","0","1"
"2455","0","0","0","0","1","0"
"2456","1","1","1","1","0","1"
"2457","0","0","0","0","1","1"
"2458","1","1","1","1","1","1"
"2459","0","0","0","0","1","1"
"2460","0","0","1","0","0","1"
"2461","1","1","1","1","0","1"
"2462","1","1","1","1","0","0"
"2463","1","1","1","1","0","1"
"2464","0","0","0","0","1","1"
"2465","1","0","0","0","0","0"
"2466","0","0","0","0","1","1"
"2467","0","0","0","0","1","0"
"2468","1","1","1","1","0","1"
"2469","0","0","0","0","1","0"
"2470","1","1","1","1","1","0"
"2471","0","0","0","0","1","1"
"2472","1","1","1","1","0","0"
"2473","1","1","1","1","0","1"
"2474","1","1","1","1","0","1"
"2475","1","1","1","1","0","1"
"2476","1","1","1","1","0","0"
"2477","1","1","1","1","1","1"
"2478","1","1","1","1","0","0"
"2479","0","0","0","0","1","0"
"2480","0","0","0","0","1","1"
"2481","1","1","1","1","0","0"
"2482","0","0","0","0","1","0"
"2483","1","1","1","1","1","0"
"2484","0","1","1","1","1","1"
"2485","0","0","0","0","1","1"
"2486","0","0","0","0","1","1"
"2487","0","0","0","0","1","0"
"2488","0","0","0","0","0","0"
"2489","0","0","0","0","1","1"
"2490","1","1","1","1","0","1"
"2491","0","0","0","0","1","1"
"2492","1","1","0","1","0","1"
"2493","0","0","0","0","0","1"
"2494","1","1","0","0","0","0"
"2495","1","1","1","1","0","1"
"2496","0","0","0","0","1","1"
"2497","1","1","1","1","1","1"
"2498","1","1","1","1","1","1"
"2499","1","1","1","1","1","0"
"2500","0","0","1","0","0","1"
